post_id,user_id,timeRemaining,postImage,title,description,likes,dislikes,awards,comments
0,6,1h,https://picsum.photos/seed/10015/200/300,Hello World,My first post from the database. This is a sample description for the first post.,2,0,2,3
1,3,2h,https://picsum.photos/seed/32195/200/300,Title Text,This is the second post from the database. It contains a random description for testing purposes.,0,13,5,3
2,7,30min,https://picsum.photos/seed/35609/200/300,Title Text,This is the third post from the database. A random description follows for testing.,0,0,0,0
3,8,45min,https://picsum.photos/seed/12345/200/300,Dummy Title,Random description for post number four. It's just a placeholder for testing.,5,2,1,7
4,1,2h,https://picsum.photos/seed/98765/200/300,Another Title,Description for the fifth post. This is some sample text for testing purposes.,8,3,4,2
5,6,1h,https://picsum.photos/seed/54321/200/300,Test Title,The sixth post description goes here. It's just for testing the format and layout.,12,1,3,5
6,3,30min,https://picsum.photos/seed/11111/200/300,Unique Title,Random description for post number seven. Placeholder text for testing purposes.,3,6,2,9
7,0,45min,https://picsum.photos/seed/22222/200/300,Title ABC,Description for the eighth post. Some sample text to fill up the space and test the layout.,10,4,2,6
8,9,2h,https://picsum.photos/seed/33333/200/300,Test Post Title,This is the ninth post description. It's just dummy text for testing purposes.,7,2,5,4
9,2,1h,https://picsum.photos/seed/44444/200/300,Another Random Title,Random description for the tenth post. Placeholder text for testing the format.,14,0,3,8
10,5,30min,https://picsum.photos/seed/55555/200/300,Unique Post,Description for post number eleven. Some sample text to test the layout and appearance.,6,5,1,7
11,7,45min,https://picsum.photos/seed/66666/200/300,Yet Another Title,Random description for the twelfth post. Placeholder text for testing purposes.,9,2,4,5
12,8,2h,https://picsum.photos/seed/77777/200/300,Testing Post,This is the thirteenth post description. It's just dummy text for testing the format.,11,1,2,3
13,4,1h,https://picsum.photos/seed/88888/200/300,Random Title XYZ,Description for the fourteenth post. Some sample text to fill up the space and test the layout.,4,3,6,9
14,1,30min,https://picsum.photos/seed/99999/200/300,Title for Testing,Random description for post number fifteen. Placeholder text for testing the format.,8,5,2,4
15,6,45min,https://picsum.photos/seed/12121/200/300,Sample Title ABC,Description for the sixteenth post. Some sample text to test the layout and appearance.,13,2,1,6
16,0,2h,https://picsum.photos/seed/23232/200/300,Another Test Post,This is the seventeenth post description. It's just dummy text for testing purposes.,7,4,3,8
17,2,1h,https://picsum.photos/seed/34343/200/300,Randomized Title,Random description for the eighteenth post. Placeholder text for testing the format.,9,1,5,7
18,4,30min,https://picsum.photos/seed/45454/200/300,Title Test XYZ,Description for post number nineteen. Some sample text to fill up the space and test the layout.,6,3,2,9
19,1,45min,https://picsum.photos/seed/56565/200/300,Post Title ABC,Random description for the twentieth post. Placeholder text for testing purposes.,12,2,4,5
20,8,2h,https://picsum.photos/seed/67676/200/300,Testing Random Post,This is the twenty-first post description. It's just dummy text for testing the format.,10,0,3,7
21,3,1h,https://picsum.photos/seed/78787/200/300,Unique Title XYZ,Description for the twenty-second post. Some sample text to test the layout and appearance.,5,2,1,8
22,0,30min,https://picsum.photos/seed/89898/200/300,Title XYZ,Random description for post number twenty-three. Placeholder text for testing the format.,9,4,6,3
23,9,45min,https://picsum.photos/seed/01010/200/300,Random Post Title,Description for the twenty-fourth post. Some sample text to fill up the space and test the layout.,11,3,2,6
24,6,2h,https://picsum.photos/seed/11223/200/300,Another Randomized Title,Random description for post number twenty-five. Placeholder text for testing purposes.,8,5,4,9
25,7,1h,https://picsum.photos/seed/33445/200/300,Yet Another Test Title,This is the twenty-sixth post description. It's just dummy text for testing the format.,14,2,1,7
26,2,30min,https://picsum.photos/seed/55667/200/300,Test Post XYZ,Random description for post number twenty-seven. Placeholder text for testing the format.,7,1,3,5
27,9,45min,https://picsum.photos/seed/77889/200/300,Post Title ABC XYZ,Description for the twenty-eighth post. Some sample text to test the layout and appearance.,10,3,5,8
28,8,2h,https://picsum.photos/seed/99001/200/300,Another Testing Title,Random description for post number twenty-nine. Placeholder text for testing purposes.,9,2,2,4
29,1,1h,https://picsum.photos/seed/11223/200/300,Title for Testing XYZ,Description for the thirtieth post. Some sample text to fill up the space and test the layout.,6,4,1,6
30,7,30min,https://picsum.photos/seed/33445/200/300,Randomized Post Title,Random description for post number thirty-one. Placeholder text for testing the format.,12,0,4,7
31,4,45min,https://picsum.photos/seed/55667/200/300,Post XYZ Title,Description for the thirty-second post. Some sample text to test the layout and appearance.,8,3,2,9
32,9,2h,https://picsum.photos/seed/77889/200/300,Testing Post Title,Random description for post number thirty-three. Placeholder text for testing purposes.,11,2,6,5
33,7,1h,https://picsum.photos/seed/99001/200/300,Title ABC Testing,This is the thirty-fourth post description. It's just dummy text for testing the format.,10,4,3,8
34,2,30min,https://picsum.photos/seed/11223/200/300,XYZ Title Test,Random description for post number thirty-five. Placeholder text for testing the format.,7,1,5,6
35,9,45min,https://picsum.photos/seed/33445/200/300,Another Post Title,Description for the thirty-sixth post. Some sample text to fill up the space and test the layout.,13,2,1,9
36,6,2h,https://picsum.photos/seed/55667/200/300,Yet Another Title XYZ,Random description for post number thirty-seven. Placeholder text for testing purposes.,6,3,4,7
37,3,1h,https://picsum.photos/seed/77889/200/300,Post XYZ ABC Title,Description for the thirty-eighth post. Some sample text to test the layout and appearance.,9,0,2,5
38,8,30min,https://picsum.photos/seed/99001/200/300,Testing Random Title,Random description for post number thirty-nine. Placeholder text for testing the format.,8,5,3,8
39,1,45min,https://picsum.photos/seed/11223/200/300,Title XYZ ABC,This is the fortieth post description. It's just dummy text for testing the format.,11,2,1,6
40,7,2h,https://picsum.photos/seed/33445/200/300,Randomized Testing Title,Random description for post number forty-one. Placeholder text for testing purposes.,7,4,5,9
41,9,1h,https://picsum.photos/seed/55667/200/300,Test Post Title XYZ,Description for the forty-second post. Some sample text to fill up the space and test the layout.,10,1,2,7
42,0,30min,https://picsum.photos/seed/77889/200/300,XYZ ABC Title Test,Random description for post number forty-three. Placeholder text for testing the format.,9,3,4,5
43,5,45min,https://picsum.photos/seed/99001/200/300,Testing Post XYZ Title,Description for the forty-fourth post. Some sample text to test the layout and appearance.,6,2,1,8
